{"train_loss": 2.402076530456543, "_timestamp": 1683842423.4306765, "_runtime": 41.760276556015015, "_step": 912}