{"train_loss": 0.48024470465523855, "_timestamp": 1683846246.920687, "_runtime": 1661.0900599956512, "_step": 100609, "train_accuracy": 0.23499005964214711, "val_accuracy": 0.23496932515337424, "epoch": 10.0, "_wandb": {"runtime": 1659}}