{"train_loss": 0.5423342500414167, "_timestamp": 1683849825.204225, "_runtime": 1846.7055160999298, "_step": 100609, "train_accuracy": 0.22743538767395627, "val_accuracy": 0.24263803680981594, "epoch": 10.0, "_wandb": {"runtime": 1845}}