{"train_loss": 0.12841340473720006, "_timestamp": 1683872915.6398141, "_runtime": 3132.0538141727448, "_step": 100609, "train_accuracy": 0.8210735586481114, "val_accuracy": 0.6521472392638037, "epoch": 10.0, "_wandb": {"runtime": 3100}}