{"train_loss": 0.41486103194100515, "_timestamp": 1683852580.4654138, "_runtime": 2736.4083387851715, "_step": 100609, "train_accuracy": 0.24174950298210734, "val_accuracy": 0.24846625766871167, "epoch": 10.0, "_wandb": {"runtime": 2735}}