{"train_loss": 1.2690565926688058, "_timestamp": 1683869382.7384357, "_runtime": 182.01714873313904, "_step": 2682}