{"train_loss": 0.05966510943004063, "_timestamp": 1683880865.9564044, "_runtime": 1124.8600025177002, "_step": 100609, "train_accuracy": 0.5577534791252485, "val_accuracy": 0.4874233128834356, "epoch": 10.0, "_wandb": {"runtime": 1123}}