{"train_loss": 0.4902574675423758, "_timestamp": 1683847954.5389876, "_runtime": 1695.0383145809174, "_step": 100609, "train_accuracy": 0.21371769383697814, "val_accuracy": 0.2273006134969325, "epoch": 10.0, "_wandb": {"runtime": 1694}}