{"train_loss": 1.5542476177215576, "_timestamp": 1683836628.5797348, "_runtime": 74.41642475128174, "_step": 4374, "_wandb": {"runtime": 69}}