{"train_loss": 0.0033297097044331686, "_timestamp": 1683855813.2457879, "_runtime": 3211.534180879593, "_step": 100609, "train_accuracy": 0.8462226640159046, "val_accuracy": 0.6469325153374234, "epoch": 10.0, "_wandb": {"runtime": 3210}}