{"train_loss": 1.3529046773910522, "_timestamp": 1683884965.1270425, "_runtime": 82.46882653236389, "_step": 3737}