{"train_loss": 1.9672280720302038, "_timestamp": 1683837731.8633492, "_runtime": 1010.6289513111115, "_step": 100609, "train_accuracy": 0.0, "valid_accuracy": 0.0, "epoch": 10.0, "_wandb": {"runtime": 1009}}