{"train_loss": 2.4588410513741628, "_timestamp": 1683842085.9486933, "_runtime": 733.2222003936768, "_step": 20121, "train_accuracy": 0.00039761431411530816, "val_accuracy": 0.0009202453987730061, "epoch": 2.0, "_wandb": {"runtime": 724}}