{"train_loss": 1.9350543703351701, "_timestamp": 1683879699.2563279, "_runtime": 1807.8781139850616, "_step": 100609, "train_accuracy": 0.0013916500994035786, "val_accuracy": 0.002147239263803681, "epoch": 10.0, "_wandb": {"runtime": 1806}}